[{"model": "contenttypes.contenttype", "pk": 1, "fields": {"app_label": "admin", "model": "logentry"}}, {"model": "contenttypes.contenttype", "pk": 2, "fields": {"app_label": "auth", "model": "permission"}}, {"model": "contenttypes.contenttype", "pk": 3, "fields": {"app_label": "auth", "model": "group"}}, {"model": "contenttypes.contenttype", "pk": 4, "fields": {"app_label": "contenttypes", "model": "contenttype"}}, {"model": "contenttypes.contenttype", "pk": 5, "fields": {"app_label": "sessions", "model": "session"}}, {"model": "contenttypes.contenttype", "pk": 6, "fields": {"app_label": "people", "model": "person"}}, {"model": "contenttypes.contenttype", "pk": 7, "fields": {"app_label": "people", "model": "team"}}, {"model": "contenttypes.contenttype", "pk": 8, "fields": {"app_label": "people", "model": "membership"}}, {"model": "contenttypes.contenttype", "pk": 9, "fields": {"app_label": "allocations", "model": "location"}}, {"model": "contenttypes.contenttype", "pk": 10, "fields": {"app_label": "allocations", "model": "allocation"}}, {"model": "contenttypes.contenttype", "pk": 11, "fields": {"app_label": "seasons", "model": "season"}}, {"model": "contenttypes.contenttype", "pk": 12, "fields": {"app_label": "authtools", "model": "user"}}, {"model": "sessions.session", "pk": "2trpt97ww7g58nw50keo5s3ypa4oepro", "fields": {"session_data": "YTRjYjA4OGM0MjlhMmY3YjQyMzU5YjVjMjVkYmJlMjZkMDNmNTYwMTp7Il9hdXRoX3VzZXJfaGFzaCI6ImU2MjUzYmNkOGUxNDdlMjQzZmNhMDlmN2M5MjBjM2ZmOTk5MTcyNDAiLCJfYXV0aF91c2VyX2JhY2tlbmQiOiJkamFuZ28uY29udHJpYi5hdXRoLmJhY2tlbmRzLk1vZGVsQmFja2VuZCIsIl9hdXRoX3VzZXJfaWQiOiIxIn0=", "expire_date": "2016-08-06T10:22:10.382Z"}}, {"model": "sessions.session", "pk": "iie0t6bmkz01tverc9kx97o7z59hv6rt", "fields": {"session_data": "YTRjYjA4OGM0MjlhMmY3YjQyMzU5YjVjMjVkYmJlMjZkMDNmNTYwMTp7Il9hdXRoX3VzZXJfaGFzaCI6ImU2MjUzYmNkOGUxNDdlMjQzZmNhMDlmN2M5MjBjM2ZmOTk5MTcyNDAiLCJfYXV0aF91c2VyX2JhY2tlbmQiOiJkamFuZ28uY29udHJpYi5hdXRoLmJhY2tlbmRzLk1vZGVsQmFja2VuZCIsIl9hdXRoX3VzZXJfaWQiOiIxIn0=", "expire_date": "2016-08-13T15:26:28.243Z"}}, {"model": "sessions.session", "pk": "li38x6vqtubvvudakzwyz49c9bmy0yf1", "fields": {"session_data": "YTRjYjA4OGM0MjlhMmY3YjQyMzU5YjVjMjVkYmJlMjZkMDNmNTYwMTp7Il9hdXRoX3VzZXJfaGFzaCI6ImU2MjUzYmNkOGUxNDdlMjQzZmNhMDlmN2M5MjBjM2ZmOTk5MTcyNDAiLCJfYXV0aF91c2VyX2JhY2tlbmQiOiJkamFuZ28uY29udHJpYi5hdXRoLmJhY2tlbmRzLk1vZGVsQmFja2VuZCIsIl9hdXRoX3VzZXJfaWQiOiIxIn0=", "expire_date": "2016-08-07T09:47:15.766Z"}}, {"model": "sessions.session", "pk": "pb6bter97vmae5jww0f8unos5vzzg51w", "fields": {"session_data": "YTRjYjA4OGM0MjlhMmY3YjQyMzU5YjVjMjVkYmJlMjZkMDNmNTYwMTp7Il9hdXRoX3VzZXJfaGFzaCI6ImU2MjUzYmNkOGUxNDdlMjQzZmNhMDlmN2M5MjBjM2ZmOTk5MTcyNDAiLCJfYXV0aF91c2VyX2JhY2tlbmQiOiJkamFuZ28uY29udHJpYi5hdXRoLmJhY2tlbmRzLk1vZGVsQmFja2VuZCIsIl9hdXRoX3VzZXJfaWQiOiIxIn0=", "expire_date": "2016-08-13T14:53:15.352Z"}}, {"model": "sessions.session", "pk": "slizfvtrppmrzpcv2wesyjs5scmqcsn1", "fields": {"session_data": "YTRjYjA4OGM0MjlhMmY3YjQyMzU5YjVjMjVkYmJlMjZkMDNmNTYwMTp7Il9hdXRoX3VzZXJfaGFzaCI6ImU2MjUzYmNkOGUxNDdlMjQzZmNhMDlmN2M5MjBjM2ZmOTk5MTcyNDAiLCJfYXV0aF91c2VyX2JhY2tlbmQiOiJkamFuZ28uY29udHJpYi5hdXRoLmJhY2tlbmRzLk1vZGVsQmFja2VuZCIsIl9hdXRoX3VzZXJfaWQiOiIxIn0=", "expire_date": "2016-08-06T13:06:54.539Z"}}, {"model": "allocations.location", "pk": 1, "fields": {"name": "Generali", "description": "Implementazioni SAP FSCD.", "abbreviation": "G"}}, {"model": "allocations.location", "pk": 2, "fields": {"name": "MPS", "description": "Implementazioni SAP FI.", "abbreviation": "M"}}, {"model": "allocations.location", "pk": 3, "fields": {"name": "Ferie", "description": "Un po' di meritato riposo.", "abbreviation": "F"}}, {"model": "allocations.location", "pk": 4, "fields": {"name": "Sede", "description": "Attivit\u00e0 amministrative e corsi.", "abbreviation": "S"}}, {"model": "allocations.location", "pk": 5, "fields": {"name": "Estero", "description": "Trasferte una tantum che rendono irreperibile la persona.", "abbreviation": "E"}}, {"model": "allocations.allocation", "pk": 1, "fields": {"location": 5, "person": 2, "day": "2016-07-01", "comment": ""}}, {"model": "allocations.allocation", "pk": 2, "fields": {"location": 3, "person": 2, "day": "2016-07-02", "comment": ""}}, {"model": "allocations.allocation", "pk": 3, "fields": {"location": 4, "person": 2, "day": "2016-07-03", "comment": ""}}, {"model": "allocations.allocation", "pk": 4, "fields": {"location": 3, "person": 2, "day": "2016-07-04", "comment": ""}}, {"model": "allocations.allocation", "pk": 5, "fields": {"location": 2, "person": 2, "day": "2016-07-05", "comment": ""}}, {"model": "allocations.allocation", "pk": 6, "fields": {"location": 4, "person": 2, "day": "2016-07-06", "comment": ""}}, {"model": "allocations.allocation", "pk": 7, "fields": {"location": 3, "person": 2, "day": "2016-07-07", "comment": ""}}, {"model": "allocations.allocation", "pk": 8, "fields": {"location": 1, "person": 2, "day": "2016-07-08", "comment": ""}}, {"model": "allocations.allocation", "pk": 9, "fields": {"location": 3, "person": 2, "day": "2016-07-09", "comment": ""}}, {"model": "allocations.allocation", "pk": 10, "fields": {"location": 3, "person": 2, "day": "2016-07-10", "comment": ""}}, {"model": "allocations.allocation", "pk": 11, "fields": {"location": 5, "person": 2, "day": "2016-07-11", "comment": ""}}, {"model": "allocations.allocation", "pk": 12, "fields": {"location": 2, "person": 2, "day": "2016-07-12", "comment": ""}}, {"model": "allocations.allocation", "pk": 13, "fields": {"location": 5, "person": 2, "day": "2016-07-13", "comment": ""}}, {"model": "allocations.allocation", "pk": 14, "fields": {"location": 1, "person": 2, "day": "2016-07-14", "comment": ""}}, {"model": "allocations.allocation", "pk": 15, "fields": {"location": 1, "person": 2, "day": "2016-07-15", "comment": ""}}, {"model": "allocations.allocation", "pk": 16, "fields": {"location": 2, "person": 2, "day": "2016-07-16", "comment": ""}}, {"model": "allocations.allocation", "pk": 17, "fields": {"location": 3, "person": 2, "day": "2016-07-17", "comment": ""}}, {"model": "allocations.allocation", "pk": 18, "fields": {"location": 5, "person": 2, "day": "2016-07-18", "comment": ""}}, {"model": "allocations.allocation", "pk": 19, "fields": {"location": 4, "person": 2, "day": "2016-07-19", "comment": ""}}, {"model": "allocations.allocation", "pk": 20, "fields": {"location": 5, "person": 2, "day": "2016-07-20", "comment": ""}}, {"model": "allocations.allocation", "pk": 21, "fields": {"location": 5, "person": 2, "day": "2016-07-21", "comment": ""}}, {"model": "allocations.allocation", "pk": 22, "fields": {"location": 5, "person": 2, "day": "2016-07-22", "comment": ""}}, {"model": "allocations.allocation", "pk": 23, "fields": {"location": 3, "person": 2, "day": "2016-07-23", "comment": ""}}, {"model": "allocations.allocation", "pk": 24, "fields": {"location": 2, "person": 2, "day": "2016-07-24", "comment": ""}}, {"model": "allocations.allocation", "pk": 25, "fields": {"location": 1, "person": 2, "day": "2016-07-25", "comment": ""}}, {"model": "allocations.allocation", "pk": 26, "fields": {"location": 5, "person": 2, "day": "2016-07-26", "comment": ""}}, {"model": "allocations.allocation", "pk": 27, "fields": {"location": 3, "person": 2, "day": "2016-07-27", "comment": ""}}, {"model": "allocations.allocation", "pk": 28, "fields": {"location": 2, "person": 2, "day": "2016-07-28", "comment": ""}}, {"model": "allocations.allocation", "pk": 29, "fields": {"location": 3, "person": 2, "day": "2016-07-29", "comment": ""}}, {"model": "allocations.allocation", "pk": 30, "fields": {"location": 4, "person": 2, "day": "2016-07-30", "comment": ""}}, {"model": "allocations.allocation", "pk": 31, "fields": {"location": 1, "person": 2, "day": "2016-07-31", "comment": ""}}, {"model": "allocations.allocation", "pk": 32, "fields": {"location": 5, "person": 2, "day": "2016-08-01", "comment": ""}}, {"model": "allocations.allocation", "pk": 33, "fields": {"location": 5, "person": 2, "day": "2016-08-02", "comment": ""}}, {"model": "allocations.allocation", "pk": 34, "fields": {"location": 2, "person": 2, "day": "2016-08-03", "comment": ""}}, {"model": "allocations.allocation", "pk": 35, "fields": {"location": 3, "person": 2, "day": "2016-08-04", "comment": ""}}, {"model": "allocations.allocation", "pk": 36, "fields": {"location": 2, "person": 2, "day": "2016-08-05", "comment": ""}}, {"model": "allocations.allocation", "pk": 37, "fields": {"location": 5, "person": 2, "day": "2016-08-06", "comment": ""}}, {"model": "allocations.allocation", "pk": 38, "fields": {"location": 2, "person": 2, "day": "2016-08-07", "comment": ""}}, {"model": "allocations.allocation", "pk": 39, "fields": {"location": 4, "person": 2, "day": "2016-08-08", "comment": ""}}, {"model": "allocations.allocation", "pk": 40, "fields": {"location": 2, "person": 2, "day": "2016-08-09", "comment": ""}}, {"model": "allocations.allocation", "pk": 41, "fields": {"location": 4, "person": 2, "day": "2016-08-10", "comment": ""}}, {"model": "allocations.allocation", "pk": 42, "fields": {"location": 3, "person": 2, "day": "2016-08-11", "comment": ""}}, {"model": "allocations.allocation", "pk": 43, "fields": {"location": 4, "person": 2, "day": "2016-08-12", "comment": ""}}, {"model": "allocations.allocation", "pk": 44, "fields": {"location": 3, "person": 2, "day": "2016-08-13", "comment": ""}}, {"model": "allocations.allocation", "pk": 45, "fields": {"location": 3, "person": 2, "day": "2016-08-14", "comment": ""}}, {"model": "allocations.allocation", "pk": 46, "fields": {"location": 3, "person": 2, "day": "2016-08-15", "comment": ""}}, {"model": "allocations.allocation", "pk": 47, "fields": {"location": 3, "person": 2, "day": "2016-08-16", "comment": ""}}, {"model": "allocations.allocation", "pk": 48, "fields": {"location": 5, "person": 2, "day": "2016-08-17", "comment": ""}}, {"model": "allocations.allocation", "pk": 49, "fields": {"location": 4, "person": 2, "day": "2016-08-18", "comment": ""}}, {"model": "allocations.allocation", "pk": 50, "fields": {"location": 1, "person": 2, "day": "2016-08-19", "comment": ""}}, {"model": "allocations.allocation", "pk": 51, "fields": {"location": 3, "person": 2, "day": "2016-08-20", "comment": ""}}, {"model": "allocations.allocation", "pk": 52, "fields": {"location": 1, "person": 2, "day": "2016-08-21", "comment": ""}}, {"model": "allocations.allocation", "pk": 53, "fields": {"location": 3, "person": 2, "day": "2016-08-22", "comment": ""}}, {"model": "allocations.allocation", "pk": 54, "fields": {"location": 5, "person": 2, "day": "2016-08-23", "comment": ""}}, {"model": "allocations.allocation", "pk": 55, "fields": {"location": 3, "person": 2, "day": "2016-08-24", "comment": ""}}, {"model": "allocations.allocation", "pk": 56, "fields": {"location": 5, "person": 2, "day": "2016-08-25", "comment": ""}}, {"model": "allocations.allocation", "pk": 57, "fields": {"location": 1, "person": 2, "day": "2016-08-26", "comment": ""}}, {"model": "allocations.allocation", "pk": 58, "fields": {"location": 2, "person": 2, "day": "2016-08-27", "comment": ""}}, {"model": "allocations.allocation", "pk": 59, "fields": {"location": 3, "person": 2, "day": "2016-08-28", "comment": ""}}, {"model": "allocations.allocation", "pk": 60, "fields": {"location": 4, "person": 2, "day": "2016-08-29", "comment": ""}}, {"model": "allocations.allocation", "pk": 61, "fields": {"location": 3, "person": 2, "day": "2016-08-30", "comment": ""}}, {"model": "allocations.allocation", "pk": 62, "fields": {"location": 3, "person": 2, "day": "2016-08-31", "comment": ""}}, {"model": "allocations.allocation", "pk": 63, "fields": {"location": 5, "person": 3, "day": "2016-07-01", "comment": ""}}, {"model": "allocations.allocation", "pk": 64, "fields": {"location": 3, "person": 3, "day": "2016-07-02", "comment": ""}}, {"model": "allocations.allocation", "pk": 65, "fields": {"location": 1, "person": 3, "day": "2016-07-03", "comment": ""}}, {"model": "allocations.allocation", "pk": 66, "fields": {"location": 1, "person": 3, "day": "2016-07-04", "comment": ""}}, {"model": "allocations.allocation", "pk": 67, "fields": {"location": 1, "person": 3, "day": "2016-07-05", "comment": ""}}, {"model": "allocations.allocation", "pk": 68, "fields": {"location": 1, "person": 3, "day": "2016-07-06", "comment": ""}}, {"model": "allocations.allocation", "pk": 69, "fields": {"location": 4, "person": 3, "day": "2016-07-07", "comment": ""}}, {"model": "allocations.allocation", "pk": 70, "fields": {"location": 3, "person": 3, "day": "2016-07-08", "comment": ""}}, {"model": "allocations.allocation", "pk": 71, "fields": {"location": 4, "person": 3, "day": "2016-07-09", "comment": ""}}, {"model": "allocations.allocation", "pk": 72, "fields": {"location": 4, "person": 3, "day": "2016-07-10", "comment": ""}}, {"model": "allocations.allocation", "pk": 73, "fields": {"location": 5, "person": 3, "day": "2016-07-11", "comment": ""}}, {"model": "allocations.allocation", "pk": 74, "fields": {"location": 4, "person": 3, "day": "2016-07-12", "comment": ""}}, {"model": "allocations.allocation", "pk": 75, "fields": {"location": 1, "person": 3, "day": "2016-07-13", "comment": ""}}, {"model": "allocations.allocation", "pk": 76, "fields": {"location": 5, "person": 3, "day": "2016-07-14", "comment": ""}}, {"model": "allocations.allocation", "pk": 77, "fields": {"location": 3, "person": 3, "day": "2016-07-15", "comment": ""}}, {"model": "allocations.allocation", "pk": 78, "fields": {"location": 5, "person": 3, "day": "2016-07-16", "comment": ""}}, {"model": "allocations.allocation", "pk": 79, "fields": {"location": 2, "person": 3, "day": "2016-07-17", "comment": ""}}, {"model": "allocations.allocation", "pk": 80, "fields": {"location": 4, "person": 3, "day": "2016-07-18", "comment": ""}}, {"model": "allocations.allocation", "pk": 81, "fields": {"location": 1, "person": 3, "day": "2016-07-19", "comment": ""}}, {"model": "allocations.allocation", "pk": 82, "fields": {"location": 4, "person": 3, "day": "2016-07-20", "comment": ""}}, {"model": "allocations.allocation", "pk": 83, "fields": {"location": 3, "person": 3, "day": "2016-07-21", "comment": ""}}, {"model": "allocations.allocation", "pk": 84, "fields": {"location": 1, "person": 3, "day": "2016-07-22", "comment": ""}}, {"model": "allocations.allocation", "pk": 85, "fields": {"location": 5, "person": 3, "day": "2016-07-23", "comment": ""}}, {"model": "allocations.allocation", "pk": 86, "fields": {"location": 1, "person": 3, "day": "2016-07-24", "comment": ""}}, {"model": "allocations.allocation", "pk": 87, "fields": {"location": 2, "person": 3, "day": "2016-07-25", "comment": ""}}, {"model": "allocations.allocation", "pk": 88, "fields": {"location": 1, "person": 3, "day": "2016-07-26", "comment": ""}}, {"model": "allocations.allocation", "pk": 89, "fields": {"location": 1, "person": 3, "day": "2016-07-27", "comment": ""}}, {"model": "allocations.allocation", "pk": 90, "fields": {"location": 3, "person": 3, "day": "2016-07-28", "comment": ""}}, {"model": "allocations.allocation", "pk": 91, "fields": {"location": 1, "person": 3, "day": "2016-07-29", "comment": ""}}, {"model": "allocations.allocation", "pk": 92, "fields": {"location": 4, "person": 3, "day": "2016-07-30", "comment": ""}}, {"model": "allocations.allocation", "pk": 93, "fields": {"location": 4, "person": 3, "day": "2016-07-31", "comment": ""}}, {"model": "allocations.allocation", "pk": 94, "fields": {"location": 1, "person": 3, "day": "2016-08-01", "comment": ""}}, {"model": "allocations.allocation", "pk": 95, "fields": {"location": 3, "person": 3, "day": "2016-08-02", "comment": ""}}, {"model": "allocations.allocation", "pk": 96, "fields": {"location": 1, "person": 3, "day": "2016-08-03", "comment": ""}}, {"model": "allocations.allocation", "pk": 97, "fields": {"location": 1, "person": 3, "day": "2016-08-04", "comment": ""}}, {"model": "allocations.allocation", "pk": 98, "fields": {"location": 3, "person": 3, "day": "2016-08-05", "comment": ""}}, {"model": "allocations.allocation", "pk": 99, "fields": {"location": 2, "person": 3, "day": "2016-08-06", "comment": ""}}, {"model": "allocations.allocation", "pk": 100, "fields": {"location": 5, "person": 3, "day": "2016-08-07", "comment": ""}}, {"model": "allocations.allocation", "pk": 101, "fields": {"location": 3, "person": 3, "day": "2016-08-08", "comment": ""}}, {"model": "allocations.allocation", "pk": 102, "fields": {"location": 1, "person": 3, "day": "2016-08-09", "comment": ""}}, {"model": "allocations.allocation", "pk": 103, "fields": {"location": 5, "person": 3, "day": "2016-08-10", "comment": ""}}, {"model": "allocations.allocation", "pk": 104, "fields": {"location": 5, "person": 3, "day": "2016-08-11", "comment": ""}}, {"model": "allocations.allocation", "pk": 105, "fields": {"location": 5, "person": 3, "day": "2016-08-12", "comment": ""}}, {"model": "allocations.allocation", "pk": 106, "fields": {"location": 3, "person": 3, "day": "2016-08-13", "comment": ""}}, {"model": "allocations.allocation", "pk": 107, "fields": {"location": 3, "person": 3, "day": "2016-08-14", "comment": ""}}, {"model": "allocations.allocation", "pk": 108, "fields": {"location": 5, "person": 3, "day": "2016-08-15", "comment": ""}}, {"model": "allocations.allocation", "pk": 109, "fields": {"location": 5, "person": 3, "day": "2016-08-16", "comment": ""}}, {"model": "allocations.allocation", "pk": 110, "fields": {"location": 5, "person": 3, "day": "2016-08-17", "comment": ""}}, {"model": "allocations.allocation", "pk": 111, "fields": {"location": 5, "person": 3, "day": "2016-08-18", "comment": ""}}, {"model": "allocations.allocation", "pk": 112, "fields": {"location": 5, "person": 3, "day": "2016-08-19", "comment": ""}}, {"model": "allocations.allocation", "pk": 113, "fields": {"location": 3, "person": 3, "day": "2016-08-20", "comment": ""}}, {"model": "allocations.allocation", "pk": 114, "fields": {"location": 4, "person": 3, "day": "2016-08-21", "comment": ""}}, {"model": "allocations.allocation", "pk": 115, "fields": {"location": 4, "person": 3, "day": "2016-08-22", "comment": ""}}, {"model": "allocations.allocation", "pk": 116, "fields": {"location": 3, "person": 3, "day": "2016-08-23", "comment": ""}}, {"model": "allocations.allocation", "pk": 117, "fields": {"location": 3, "person": 3, "day": "2016-08-24", "comment": ""}}, {"model": "allocations.allocation", "pk": 118, "fields": {"location": 4, "person": 3, "day": "2016-08-25", "comment": ""}}, {"model": "allocations.allocation", "pk": 119, "fields": {"location": 5, "person": 3, "day": "2016-08-26", "comment": ""}}, {"model": "allocations.allocation", "pk": 120, "fields": {"location": 3, "person": 3, "day": "2016-08-27", "comment": ""}}, {"model": "allocations.allocation", "pk": 121, "fields": {"location": 2, "person": 3, "day": "2016-08-28", "comment": ""}}, {"model": "allocations.allocation", "pk": 122, "fields": {"location": 1, "person": 3, "day": "2016-08-29", "comment": ""}}, {"model": "allocations.allocation", "pk": 123, "fields": {"location": 3, "person": 3, "day": "2016-08-30", "comment": ""}}, {"model": "allocations.allocation", "pk": 124, "fields": {"location": 2, "person": 3, "day": "2016-08-31", "comment": ""}}, {"model": "allocations.allocation", "pk": 125, "fields": {"location": 1, "person": 4, "day": "2016-07-01", "comment": ""}}, {"model": "allocations.allocation", "pk": 126, "fields": {"location": 4, "person": 4, "day": "2016-07-02", "comment": ""}}, {"model": "allocations.allocation", "pk": 127, "fields": {"location": 2, "person": 4, "day": "2016-07-03", "comment": ""}}, {"model": "allocations.allocation", "pk": 128, "fields": {"location": 5, "person": 4, "day": "2016-07-04", "comment": ""}}, {"model": "allocations.allocation", "pk": 129, "fields": {"location": 1, "person": 4, "day": "2016-07-05", "comment": ""}}, {"model": "allocations.allocation", "pk": 130, "fields": {"location": 1, "person": 4, "day": "2016-07-06", "comment": ""}}, {"model": "allocations.allocation", "pk": 131, "fields": {"location": 4, "person": 4, "day": "2016-07-07", "comment": ""}}, {"model": "allocations.allocation", "pk": 132, "fields": {"location": 2, "person": 4, "day": "2016-07-08", "comment": ""}}, {"model": "allocations.allocation", "pk": 133, "fields": {"location": 4, "person": 4, "day": "2016-07-09", "comment": ""}}, {"model": "allocations.allocation", "pk": 134, "fields": {"location": 1, "person": 4, "day": "2016-07-10", "comment": ""}}, {"model": "allocations.allocation", "pk": 135, "fields": {"location": 2, "person": 4, "day": "2016-07-11", "comment": ""}}, {"model": "allocations.allocation", "pk": 136, "fields": {"location": 4, "person": 4, "day": "2016-07-12", "comment": ""}}, {"model": "allocations.allocation", "pk": 137, "fields": {"location": 2, "person": 4, "day": "2016-07-13", "comment": ""}}, {"model": "allocations.allocation", "pk": 138, "fields": {"location": 1, "person": 4, "day": "2016-07-14", "comment": ""}}, {"model": "allocations.allocation", "pk": 139, "fields": {"location": 5, "person": 4, "day": "2016-07-15", "comment": ""}}, {"model": "allocations.allocation", "pk": 140, "fields": {"location": 2, "person": 4, "day": "2016-07-16", "comment": ""}}, {"model": "allocations.allocation", "pk": 141, "fields": {"location": 2, "person": 4, "day": "2016-07-17", "comment": ""}}, {"model": "allocations.allocation", "pk": 142, "fields": {"location": 2, "person": 4, "day": "2016-07-18", "comment": ""}}, {"model": "allocations.allocation", "pk": 143, "fields": {"location": 4, "person": 4, "day": "2016-07-19", "comment": ""}}, {"model": "allocations.allocation", "pk": 144, "fields": {"location": 2, "person": 4, "day": "2016-07-20", "comment": ""}}, {"model": "allocations.allocation", "pk": 145, "fields": {"location": 3, "person": 4, "day": "2016-07-21", "comment": ""}}, {"model": "allocations.allocation", "pk": 146, "fields": {"location": 5, "person": 4, "day": "2016-07-22", "comment": ""}}, {"model": "allocations.allocation", "pk": 147, "fields": {"location": 1, "person": 4, "day": "2016-07-23", "comment": ""}}, {"model": "allocations.allocation", "pk": 148, "fields": {"location": 5, "person": 4, "day": "2016-07-24", "comment": ""}}, {"model": "allocations.allocation", "pk": 149, "fields": {"location": 4, "person": 4, "day": "2016-07-25", "comment": ""}}, {"model": "allocations.allocation", "pk": 150, "fields": {"location": 4, "person": 4, "day": "2016-07-26", "comment": ""}}, {"model": "allocations.allocation", "pk": 151, "fields": {"location": 5, "person": 4, "day": "2016-07-27", "comment": ""}}, {"model": "allocations.allocation", "pk": 152, "fields": {"location": 4, "person": 4, "day": "2016-07-28", "comment": ""}}, {"model": "allocations.allocation", "pk": 153, "fields": {"location": 1, "person": 4, "day": "2016-07-29", "comment": ""}}, {"model": "allocations.allocation", "pk": 154, "fields": {"location": 3, "person": 4, "day": "2016-07-30", "comment": ""}}, {"model": "allocations.allocation", "pk": 155, "fields": {"location": 4, "person": 4, "day": "2016-07-31", "comment": ""}}, {"model": "allocations.allocation", "pk": 156, "fields": {"location": 3, "person": 4, "day": "2016-08-01", "comment": ""}}, {"model": "allocations.allocation", "pk": 157, "fields": {"location": 5, "person": 4, "day": "2016-08-02", "comment": ""}}, {"model": "allocations.allocation", "pk": 158, "fields": {"location": 3, "person": 4, "day": "2016-08-03", "comment": ""}}, {"model": "allocations.allocation", "pk": 159, "fields": {"location": 5, "person": 4, "day": "2016-08-04", "comment": ""}}, {"model": "allocations.allocation", "pk": 160, "fields": {"location": 3, "person": 4, "day": "2016-08-05", "comment": ""}}, {"model": "allocations.allocation", "pk": 161, "fields": {"location": 2, "person": 4, "day": "2016-08-06", "comment": ""}}, {"model": "allocations.allocation", "pk": 162, "fields": {"location": 1, "person": 4, "day": "2016-08-07", "comment": ""}}, {"model": "allocations.allocation", "pk": 163, "fields": {"location": 3, "person": 4, "day": "2016-08-08", "comment": ""}}, {"model": "allocations.allocation", "pk": 164, "fields": {"location": 2, "person": 4, "day": "2016-08-09", "comment": ""}}, {"model": "allocations.allocation", "pk": 165, "fields": {"location": 2, "person": 4, "day": "2016-08-10", "comment": ""}}, {"model": "allocations.allocation", "pk": 166, "fields": {"location": 1, "person": 4, "day": "2016-08-11", "comment": ""}}, {"model": "allocations.allocation", "pk": 167, "fields": {"location": 1, "person": 4, "day": "2016-08-12", "comment": ""}}, {"model": "allocations.allocation", "pk": 168, "fields": {"location": 2, "person": 4, "day": "2016-08-13", "comment": ""}}, {"model": "allocations.allocation", "pk": 169, "fields": {"location": 1, "person": 4, "day": "2016-08-14", "comment": ""}}, {"model": "allocations.allocation", "pk": 170, "fields": {"location": 2, "person": 4, "day": "2016-08-15", "comment": ""}}, {"model": "allocations.allocation", "pk": 171, "fields": {"location": 4, "person": 4, "day": "2016-08-16", "comment": ""}}, {"model": "allocations.allocation", "pk": 172, "fields": {"location": 4, "person": 4, "day": "2016-08-17", "comment": ""}}, {"model": "allocations.allocation", "pk": 173, "fields": {"location": 5, "person": 4, "day": "2016-08-18", "comment": ""}}, {"model": "allocations.allocation", "pk": 174, "fields": {"location": 4, "person": 4, "day": "2016-08-19", "comment": ""}}, {"model": "allocations.allocation", "pk": 175, "fields": {"location": 4, "person": 4, "day": "2016-08-20", "comment": ""}}, {"model": "allocations.allocation", "pk": 176, "fields": {"location": 1, "person": 4, "day": "2016-08-21", "comment": ""}}, {"model": "allocations.allocation", "pk": 177, "fields": {"location": 2, "person": 4, "day": "2016-08-22", "comment": ""}}, {"model": "allocations.allocation", "pk": 178, "fields": {"location": 3, "person": 4, "day": "2016-08-23", "comment": ""}}, {"model": "allocations.allocation", "pk": 179, "fields": {"location": 5, "person": 4, "day": "2016-08-24", "comment": ""}}, {"model": "allocations.allocation", "pk": 180, "fields": {"location": 2, "person": 4, "day": "2016-08-25", "comment": ""}}, {"model": "allocations.allocation", "pk": 181, "fields": {"location": 1, "person": 4, "day": "2016-08-26", "comment": ""}}, {"model": "allocations.allocation", "pk": 182, "fields": {"location": 2, "person": 4, "day": "2016-08-27", "comment": ""}}, {"model": "allocations.allocation", "pk": 183, "fields": {"location": 4, "person": 4, "day": "2016-08-28", "comment": ""}}, {"model": "allocations.allocation", "pk": 184, "fields": {"location": 4, "person": 4, "day": "2016-08-29", "comment": ""}}, {"model": "allocations.allocation", "pk": 185, "fields": {"location": 4, "person": 4, "day": "2016-08-30", "comment": ""}}, {"model": "allocations.allocation", "pk": 186, "fields": {"location": 3, "person": 4, "day": "2016-08-31", "comment": ""}}, {"model": "allocations.allocation", "pk": 187, "fields": {"location": 2, "person": 1, "day": "2016-07-01", "comment": ""}}, {"model": "allocations.allocation", "pk": 188, "fields": {"location": 2, "person": 1, "day": "2016-07-02", "comment": ""}}, {"model": "allocations.allocation", "pk": 189, "fields": {"location": 4, "person": 1, "day": "2016-07-03", "comment": ""}}, {"model": "allocations.allocation", "pk": 190, "fields": {"location": 3, "person": 1, "day": "2016-07-04", "comment": ""}}, {"model": "allocations.allocation", "pk": 191, "fields": {"location": 1, "person": 1, "day": "2016-07-05", "comment": ""}}, {"model": "allocations.allocation", "pk": 192, "fields": {"location": 2, "person": 1, "day": "2016-07-06", "comment": ""}}, {"model": "allocations.allocation", "pk": 193, "fields": {"location": 4, "person": 1, "day": "2016-07-07", "comment": ""}}, {"model": "allocations.allocation", "pk": 194, "fields": {"location": 2, "person": 1, "day": "2016-07-08", "comment": ""}}, {"model": "allocations.allocation", "pk": 195, "fields": {"location": 2, "person": 1, "day": "2016-07-09", "comment": ""}}, {"model": "allocations.allocation", "pk": 196, "fields": {"location": 5, "person": 1, "day": "2016-07-10", "comment": ""}}, {"model": "allocations.allocation", "pk": 197, "fields": {"location": 4, "person": 1, "day": "2016-07-11", "comment": ""}}, {"model": "allocations.allocation", "pk": 198, "fields": {"location": 2, "person": 1, "day": "2016-07-12", "comment": ""}}, {"model": "allocations.allocation", "pk": 199, "fields": {"location": 1, "person": 1, "day": "2016-07-13", "comment": ""}}, {"model": "allocations.allocation", "pk": 200, "fields": {"location": 2, "person": 1, "day": "2016-07-14", "comment": ""}}, {"model": "allocations.allocation", "pk": 201, "fields": {"location": 5, "person": 1, "day": "2016-07-15", "comment": ""}}, {"model": "allocations.allocation", "pk": 202, "fields": {"location": 4, "person": 1, "day": "2016-07-16", "comment": ""}}, {"model": "allocations.allocation", "pk": 203, "fields": {"location": 3, "person": 1, "day": "2016-07-17", "comment": ""}}, {"model": "allocations.allocation", "pk": 204, "fields": {"location": 2, "person": 1, "day": "2016-07-18", "comment": ""}}, {"model": "allocations.allocation", "pk": 205, "fields": {"location": 5, "person": 1, "day": "2016-07-19", "comment": ""}}, {"model": "allocations.allocation", "pk": 206, "fields": {"location": 2, "person": 1, "day": "2016-07-20", "comment": ""}}, {"model": "allocations.allocation", "pk": 207, "fields": {"location": 5, "person": 1, "day": "2016-07-21", "comment": ""}}, {"model": "allocations.allocation", "pk": 208, "fields": {"location": 2, "person": 1, "day": "2016-07-22", "comment": ""}}, {"model": "allocations.allocation", "pk": 209, "fields": {"location": 5, "person": 1, "day": "2016-07-23", "comment": ""}}, {"model": "allocations.allocation", "pk": 210, "fields": {"location": 5, "person": 1, "day": "2016-07-24", "comment": ""}}, {"model": "allocations.allocation", "pk": 211, "fields": {"location": 5, "person": 1, "day": "2016-07-25", "comment": ""}}, {"model": "allocations.allocation", "pk": 212, "fields": {"location": 5, "person": 1, "day": "2016-07-26", "comment": ""}}, {"model": "allocations.allocation", "pk": 213, "fields": {"location": 5, "person": 1, "day": "2016-07-27", "comment": ""}}, {"model": "allocations.allocation", "pk": 214, "fields": {"location": 2, "person": 1, "day": "2016-07-28", "comment": ""}}, {"model": "allocations.allocation", "pk": 215, "fields": {"location": 2, "person": 1, "day": "2016-07-29", "comment": ""}}, {"model": "allocations.allocation", "pk": 216, "fields": {"location": 4, "person": 1, "day": "2016-07-30", "comment": ""}}, {"model": "allocations.allocation", "pk": 217, "fields": {"location": 2, "person": 1, "day": "2016-07-31", "comment": ""}}, {"model": "allocations.allocation", "pk": 218, "fields": {"location": 3, "person": 1, "day": "2016-08-01", "comment": ""}}, {"model": "allocations.allocation", "pk": 219, "fields": {"location": 5, "person": 1, "day": "2016-08-02", "comment": ""}}, {"model": "allocations.allocation", "pk": 220, "fields": {"location": 3, "person": 1, "day": "2016-08-03", "comment": ""}}, {"model": "allocations.allocation", "pk": 221, "fields": {"location": 4, "person": 1, "day": "2016-08-04", "comment": ""}}, {"model": "allocations.allocation", "pk": 222, "fields": {"location": 3, "person": 1, "day": "2016-08-05", "comment": ""}}, {"model": "allocations.allocation", "pk": 223, "fields": {"location": 2, "person": 1, "day": "2016-08-06", "comment": ""}}, {"model": "allocations.allocation", "pk": 224, "fields": {"location": 3, "person": 1, "day": "2016-08-07", "comment": ""}}, {"model": "allocations.allocation", "pk": 225, "fields": {"location": 2, "person": 1, "day": "2016-08-08", "comment": ""}}, {"model": "allocations.allocation", "pk": 226, "fields": {"location": 1, "person": 1, "day": "2016-08-09", "comment": ""}}, {"model": "allocations.allocation", "pk": 227, "fields": {"location": 3, "person": 1, "day": "2016-08-10", "comment": ""}}, {"model": "allocations.allocation", "pk": 228, "fields": {"location": 4, "person": 1, "day": "2016-08-11", "comment": ""}}, {"model": "allocations.allocation", "pk": 229, "fields": {"location": 4, "person": 1, "day": "2016-08-12", "comment": ""}}, {"model": "allocations.allocation", "pk": 230, "fields": {"location": 1, "person": 1, "day": "2016-08-13", "comment": ""}}, {"model": "allocations.allocation", "pk": 231, "fields": {"location": 1, "person": 1, "day": "2016-08-14", "comment": ""}}, {"model": "allocations.allocation", "pk": 232, "fields": {"location": 3, "person": 1, "day": "2016-08-15", "comment": ""}}, {"model": "allocations.allocation", "pk": 233, "fields": {"location": 4, "person": 1, "day": "2016-08-16", "comment": ""}}, {"model": "allocations.allocation", "pk": 234, "fields": {"location": 1, "person": 1, "day": "2016-08-17", "comment": ""}}, {"model": "allocations.allocation", "pk": 235, "fields": {"location": 3, "person": 1, "day": "2016-08-18", "comment": ""}}, {"model": "allocations.allocation", "pk": 236, "fields": {"location": 4, "person": 1, "day": "2016-08-19", "comment": ""}}, {"model": "allocations.allocation", "pk": 237, "fields": {"location": 1, "person": 1, "day": "2016-08-20", "comment": ""}}, {"model": "allocations.allocation", "pk": 238, "fields": {"location": 5, "person": 1, "day": "2016-08-21", "comment": ""}}, {"model": "allocations.allocation", "pk": 239, "fields": {"location": 1, "person": 1, "day": "2016-08-22", "comment": ""}}, {"model": "allocations.allocation", "pk": 240, "fields": {"location": 4, "person": 1, "day": "2016-08-23", "comment": ""}}, {"model": "allocations.allocation", "pk": 241, "fields": {"location": 2, "person": 1, "day": "2016-08-24", "comment": ""}}, {"model": "allocations.allocation", "pk": 242, "fields": {"location": 4, "person": 1, "day": "2016-08-25", "comment": ""}}, {"model": "allocations.allocation", "pk": 243, "fields": {"location": 1, "person": 1, "day": "2016-08-26", "comment": ""}}, {"model": "allocations.allocation", "pk": 244, "fields": {"location": 4, "person": 1, "day": "2016-08-27", "comment": ""}}, {"model": "allocations.allocation", "pk": 245, "fields": {"location": 4, "person": 1, "day": "2016-08-28", "comment": ""}}, {"model": "allocations.allocation", "pk": 246, "fields": {"location": 2, "person": 1, "day": "2016-08-29", "comment": ""}}, {"model": "allocations.allocation", "pk": 247, "fields": {"location": 4, "person": 1, "day": "2016-08-30", "comment": ""}}, {"model": "allocations.allocation", "pk": 248, "fields": {"location": 1, "person": 1, "day": "2016-08-31", "comment": ""}}, {"model": "allocations.allocation", "pk": 249, "fields": {"location": 3, "person": 5, "day": "2016-07-01", "comment": ""}}, {"model": "allocations.allocation", "pk": 250, "fields": {"location": 4, "person": 5, "day": "2016-07-02", "comment": ""}}, {"model": "allocations.allocation", "pk": 251, "fields": {"location": 3, "person": 5, "day": "2016-07-03", "comment": ""}}, {"model": "allocations.allocation", "pk": 252, "fields": {"location": 1, "person": 5, "day": "2016-07-04", "comment": ""}}, {"model": "allocations.allocation", "pk": 253, "fields": {"location": 1, "person": 5, "day": "2016-07-05", "comment": ""}}, {"model": "allocations.allocation", "pk": 254, "fields": {"location": 4, "person": 5, "day": "2016-07-06", "comment": ""}}, {"model": "allocations.allocation", "pk": 255, "fields": {"location": 1, "person": 5, "day": "2016-07-07", "comment": ""}}, {"model": "allocations.allocation", "pk": 256, "fields": {"location": 5, "person": 5, "day": "2016-07-08", "comment": ""}}, {"model": "allocations.allocation", "pk": 257, "fields": {"location": 5, "person": 5, "day": "2016-07-09", "comment": ""}}, {"model": "allocations.allocation", "pk": 258, "fields": {"location": 5, "person": 5, "day": "2016-07-10", "comment": ""}}, {"model": "allocations.allocation", "pk": 259, "fields": {"location": 4, "person": 5, "day": "2016-07-11", "comment": ""}}, {"model": "allocations.allocation", "pk": 260, "fields": {"location": 2, "person": 5, "day": "2016-07-12", "comment": ""}}, {"model": "allocations.allocation", "pk": 261, "fields": {"location": 4, "person": 5, "day": "2016-07-13", "comment": ""}}, {"model": "allocations.allocation", "pk": 262, "fields": {"location": 5, "person": 5, "day": "2016-07-14", "comment": ""}}, {"model": "allocations.allocation", "pk": 263, "fields": {"location": 5, "person": 5, "day": "2016-07-15", "comment": ""}}, {"model": "allocations.allocation", "pk": 264, "fields": {"location": 1, "person": 5, "day": "2016-07-16", "comment": ""}}, {"model": "allocations.allocation", "pk": 265, "fields": {"location": 2, "person": 5, "day": "2016-07-17", "comment": ""}}, {"model": "allocations.allocation", "pk": 266, "fields": {"location": 1, "person": 5, "day": "2016-07-18", "comment": ""}}, {"model": "allocations.allocation", "pk": 267, "fields": {"location": 2, "person": 5, "day": "2016-07-19", "comment": ""}}, {"model": "allocations.allocation", "pk": 268, "fields": {"location": 1, "person": 5, "day": "2016-07-20", "comment": ""}}, {"model": "allocations.allocation", "pk": 269, "fields": {"location": 4, "person": 5, "day": "2016-07-21", "comment": ""}}, {"model": "allocations.allocation", "pk": 270, "fields": {"location": 1, "person": 5, "day": "2016-07-22", "comment": ""}}, {"model": "allocations.allocation", "pk": 271, "fields": {"location": 4, "person": 5, "day": "2016-07-23", "comment": ""}}, {"model": "allocations.allocation", "pk": 272, "fields": {"location": 4, "person": 5, "day": "2016-07-24", "comment": ""}}, {"model": "allocations.allocation", "pk": 273, "fields": {"location": 1, "person": 5, "day": "2016-07-25", "comment": ""}}, {"model": "allocations.allocation", "pk": 274, "fields": {"location": 1, "person": 5, "day": "2016-07-26", "comment": ""}}, {"model": "allocations.allocation", "pk": 275, "fields": {"location": 4, "person": 5, "day": "2016-07-27", "comment": ""}}, {"model": "allocations.allocation", "pk": 276, "fields": {"location": 2, "person": 5, "day": "2016-07-28", "comment": ""}}, {"model": "allocations.allocation", "pk": 277, "fields": {"location": 3, "person": 5, "day": "2016-07-29", "comment": ""}}, {"model": "allocations.allocation", "pk": 278, "fields": {"location": 5, "person": 5, "day": "2016-07-30", "comment": ""}}, {"model": "allocations.allocation", "pk": 279, "fields": {"location": 2, "person": 5, "day": "2016-07-31", "comment": ""}}, {"model": "allocations.allocation", "pk": 280, "fields": {"location": 4, "person": 5, "day": "2016-08-01", "comment": ""}}, {"model": "allocations.allocation", "pk": 281, "fields": {"location": 3, "person": 5, "day": "2016-08-02", "comment": ""}}, {"model": "allocations.allocation", "pk": 282, "fields": {"location": 4, "person": 5, "day": "2016-08-03", "comment": ""}}, {"model": "allocations.allocation", "pk": 283, "fields": {"location": 5, "person": 5, "day": "2016-08-04", "comment": ""}}, {"model": "allocations.allocation", "pk": 284, "fields": {"location": 4, "person": 5, "day": "2016-08-05", "comment": ""}}, {"model": "allocations.allocation", "pk": 285, "fields": {"location": 1, "person": 5, "day": "2016-08-06", "comment": ""}}, {"model": "allocations.allocation", "pk": 286, "fields": {"location": 3, "person": 5, "day": "2016-08-07", "comment": ""}}, {"model": "allocations.allocation", "pk": 287, "fields": {"location": 4, "person": 5, "day": "2016-08-08", "comment": ""}}, {"model": "allocations.allocation", "pk": 288, "fields": {"location": 4, "person": 5, "day": "2016-08-09", "comment": ""}}, {"model": "allocations.allocation", "pk": 289, "fields": {"location": 2, "person": 5, "day": "2016-08-10", "comment": ""}}, {"model": "allocations.allocation", "pk": 290, "fields": {"location": 2, "person": 5, "day": "2016-08-11", "comment": ""}}, {"model": "allocations.allocation", "pk": 291, "fields": {"location": 4, "person": 5, "day": "2016-08-12", "comment": ""}}, {"model": "allocations.allocation", "pk": 292, "fields": {"location": 5, "person": 5, "day": "2016-08-13", "comment": ""}}, {"model": "allocations.allocation", "pk": 293, "fields": {"location": 2, "person": 5, "day": "2016-08-14", "comment": ""}}, {"model": "allocations.allocation", "pk": 294, "fields": {"location": 5, "person": 5, "day": "2016-08-15", "comment": ""}}, {"model": "allocations.allocation", "pk": 295, "fields": {"location": 3, "person": 5, "day": "2016-08-16", "comment": ""}}, {"model": "allocations.allocation", "pk": 296, "fields": {"location": 1, "person": 5, "day": "2016-08-17", "comment": ""}}, {"model": "allocations.allocation", "pk": 297, "fields": {"location": 2, "person": 5, "day": "2016-08-18", "comment": ""}}, {"model": "allocations.allocation", "pk": 298, "fields": {"location": 2, "person": 5, "day": "2016-08-19", "comment": ""}}, {"model": "allocations.allocation", "pk": 299, "fields": {"location": 1, "person": 5, "day": "2016-08-20", "comment": ""}}, {"model": "allocations.allocation", "pk": 300, "fields": {"location": 2, "person": 5, "day": "2016-08-21", "comment": ""}}, {"model": "allocations.allocation", "pk": 301, "fields": {"location": 1, "person": 5, "day": "2016-08-22", "comment": ""}}, {"model": "allocations.allocation", "pk": 302, "fields": {"location": 2, "person": 5, "day": "2016-08-23", "comment": ""}}, {"model": "allocations.allocation", "pk": 303, "fields": {"location": 5, "person": 5, "day": "2016-08-24", "comment": ""}}, {"model": "allocations.allocation", "pk": 304, "fields": {"location": 3, "person": 5, "day": "2016-08-25", "comment": ""}}, {"model": "allocations.allocation", "pk": 305, "fields": {"location": 4, "person": 5, "day": "2016-08-26", "comment": ""}}, {"model": "allocations.allocation", "pk": 306, "fields": {"location": 5, "person": 5, "day": "2016-08-27", "comment": ""}}, {"model": "allocations.allocation", "pk": 307, "fields": {"location": 5, "person": 5, "day": "2016-08-28", "comment": ""}}, {"model": "allocations.allocation", "pk": 308, "fields": {"location": 3, "person": 5, "day": "2016-08-29", "comment": ""}}, {"model": "allocations.allocation", "pk": 309, "fields": {"location": 4, "person": 5, "day": "2016-08-30", "comment": ""}}, {"model": "allocations.allocation", "pk": 310, "fields": {"location": 1, "person": 5, "day": "2016-08-31", "comment": ""}}, {"model": "allocations.allocation", "pk": 311, "fields": {"location": 2, "person": 6, "day": "2016-07-01", "comment": ""}}, {"model": "allocations.allocation", "pk": 312, "fields": {"location": 1, "person": 6, "day": "2016-07-02", "comment": ""}}, {"model": "allocations.allocation", "pk": 313, "fields": {"location": 4, "person": 6, "day": "2016-07-03", "comment": ""}}, {"model": "allocations.allocation", "pk": 314, "fields": {"location": 1, "person": 6, "day": "2016-07-04", "comment": ""}}, {"model": "allocations.allocation", "pk": 315, "fields": {"location": 1, "person": 6, "day": "2016-07-05", "comment": ""}}, {"model": "allocations.allocation", "pk": 316, "fields": {"location": 5, "person": 6, "day": "2016-07-06", "comment": ""}}, {"model": "allocations.allocation", "pk": 317, "fields": {"location": 4, "person": 6, "day": "2016-07-07", "comment": ""}}, {"model": "allocations.allocation", "pk": 318, "fields": {"location": 5, "person": 6, "day": "2016-07-08", "comment": ""}}, {"model": "allocations.allocation", "pk": 319, "fields": {"location": 4, "person": 6, "day": "2016-07-09", "comment": ""}}, {"model": "allocations.allocation", "pk": 320, "fields": {"location": 2, "person": 6, "day": "2016-07-10", "comment": ""}}, {"model": "allocations.allocation", "pk": 321, "fields": {"location": 2, "person": 6, "day": "2016-07-11", "comment": ""}}, {"model": "allocations.allocation", "pk": 322, "fields": {"location": 3, "person": 6, "day": "2016-07-12", "comment": ""}}, {"model": "allocations.allocation", "pk": 323, "fields": {"location": 4, "person": 6, "day": "2016-07-13", "comment": ""}}, {"model": "allocations.allocation", "pk": 324, "fields": {"location": 4, "person": 6, "day": "2016-07-14", "comment": ""}}, {"model": "allocations.allocation", "pk": 325, "fields": {"location": 2, "person": 6, "day": "2016-07-15", "comment": ""}}, {"model": "allocations.allocation", "pk": 326, "fields": {"location": 2, "person": 6, "day": "2016-07-16", "comment": ""}}, {"model": "allocations.allocation", "pk": 327, "fields": {"location": 4, "person": 6, "day": "2016-07-17", "comment": ""}}, {"model": "allocations.allocation", "pk": 328, "fields": {"location": 5, "person": 6, "day": "2016-07-18", "comment": ""}}, {"model": "allocations.allocation", "pk": 329, "fields": {"location": 4, "person": 6, "day": "2016-07-19", "comment": ""}}, {"model": "allocations.allocation", "pk": 330, "fields": {"location": 5, "person": 6, "day": "2016-07-20", "comment": ""}}, {"model": "allocations.allocation", "pk": 331, "fields": {"location": 4, "person": 6, "day": "2016-07-21", "comment": ""}}, {"model": "allocations.allocation", "pk": 332, "fields": {"location": 5, "person": 6, "day": "2016-07-22", "comment": ""}}, {"model": "allocations.allocation", "pk": 333, "fields": {"location": 5, "person": 6, "day": "2016-07-23", "comment": ""}}, {"model": "allocations.allocation", "pk": 334, "fields": {"location": 5, "person": 6, "day": "2016-07-24", "comment": ""}}, {"model": "allocations.allocation", "pk": 335, "fields": {"location": 2, "person": 6, "day": "2016-07-25", "comment": ""}}, {"model": "allocations.allocation", "pk": 336, "fields": {"location": 3, "person": 6, "day": "2016-07-26", "comment": ""}}, {"model": "allocations.allocation", "pk": 337, "fields": {"location": 1, "person": 6, "day": "2016-07-27", "comment": ""}}, {"model": "allocations.allocation", "pk": 338, "fields": {"location": 4, "person": 6, "day": "2016-07-28", "comment": ""}}, {"model": "allocations.allocation", "pk": 339, "fields": {"location": 4, "person": 6, "day": "2016-07-29", "comment": ""}}, {"model": "allocations.allocation", "pk": 340, "fields": {"location": 3, "person": 6, "day": "2016-07-30", "comment": ""}}, {"model": "allocations.allocation", "pk": 341, "fields": {"location": 4, "person": 6, "day": "2016-07-31", "comment": ""}}, {"model": "allocations.allocation", "pk": 342, "fields": {"location": 5, "person": 6, "day": "2016-08-01", "comment": ""}}, {"model": "allocations.allocation", "pk": 343, "fields": {"location": 4, "person": 6, "day": "2016-08-02", "comment": ""}}, {"model": "allocations.allocation", "pk": 344, "fields": {"location": 2, "person": 6, "day": "2016-08-03", "comment": ""}}, {"model": "allocations.allocation", "pk": 345, "fields": {"location": 3, "person": 6, "day": "2016-08-04", "comment": ""}}, {"model": "allocations.allocation", "pk": 346, "fields": {"location": 2, "person": 6, "day": "2016-08-05", "comment": ""}}, {"model": "allocations.allocation", "pk": 347, "fields": {"location": 3, "person": 6, "day": "2016-08-06", "comment": ""}}, {"model": "allocations.allocation", "pk": 348, "fields": {"location": 1, "person": 6, "day": "2016-08-07", "comment": ""}}, {"model": "allocations.allocation", "pk": 349, "fields": {"location": 5, "person": 6, "day": "2016-08-08", "comment": ""}}, {"model": "allocations.allocation", "pk": 350, "fields": {"location": 3, "person": 6, "day": "2016-08-09", "comment": ""}}, {"model": "allocations.allocation", "pk": 351, "fields": {"location": 5, "person": 6, "day": "2016-08-10", "comment": ""}}, {"model": "allocations.allocation", "pk": 352, "fields": {"location": 4, "person": 6, "day": "2016-08-11", "comment": ""}}, {"model": "allocations.allocation", "pk": 353, "fields": {"location": 4, "person": 6, "day": "2016-08-12", "comment": ""}}, {"model": "allocations.allocation", "pk": 354, "fields": {"location": 2, "person": 6, "day": "2016-08-13", "comment": ""}}, {"model": "allocations.allocation", "pk": 355, "fields": {"location": 4, "person": 6, "day": "2016-08-14", "comment": ""}}, {"model": "allocations.allocation", "pk": 356, "fields": {"location": 3, "person": 6, "day": "2016-08-15", "comment": ""}}, {"model": "allocations.allocation", "pk": 357, "fields": {"location": 1, "person": 6, "day": "2016-08-16", "comment": ""}}, {"model": "allocations.allocation", "pk": 358, "fields": {"location": 3, "person": 6, "day": "2016-08-17", "comment": ""}}, {"model": "allocations.allocation", "pk": 359, "fields": {"location": 1, "person": 6, "day": "2016-08-18", "comment": ""}}, {"model": "allocations.allocation", "pk": 360, "fields": {"location": 4, "person": 6, "day": "2016-08-19", "comment": ""}}, {"model": "allocations.allocation", "pk": 361, "fields": {"location": 3, "person": 6, "day": "2016-08-20", "comment": ""}}, {"model": "allocations.allocation", "pk": 362, "fields": {"location": 1, "person": 6, "day": "2016-08-21", "comment": ""}}, {"model": "allocations.allocation", "pk": 363, "fields": {"location": 5, "person": 6, "day": "2016-08-22", "comment": ""}}, {"model": "allocations.allocation", "pk": 364, "fields": {"location": 2, "person": 6, "day": "2016-08-23", "comment": ""}}, {"model": "allocations.allocation", "pk": 365, "fields": {"location": 3, "person": 6, "day": "2016-08-24", "comment": ""}}, {"model": "allocations.allocation", "pk": 366, "fields": {"location": 4, "person": 6, "day": "2016-08-25", "comment": ""}}, {"model": "allocations.allocation", "pk": 367, "fields": {"location": 3, "person": 6, "day": "2016-08-26", "comment": ""}}, {"model": "allocations.allocation", "pk": 368, "fields": {"location": 5, "person": 6, "day": "2016-08-27", "comment": ""}}, {"model": "allocations.allocation", "pk": 369, "fields": {"location": 1, "person": 6, "day": "2016-08-28", "comment": ""}}, {"model": "allocations.allocation", "pk": 370, "fields": {"location": 2, "person": 6, "day": "2016-08-29", "comment": ""}}, {"model": "allocations.allocation", "pk": 371, "fields": {"location": 1, "person": 6, "day": "2016-08-30", "comment": ""}}, {"model": "allocations.allocation", "pk": 372, "fields": {"location": 1, "person": 6, "day": "2016-08-31", "comment": ""}}, {"model": "seasons.season", "pk": 1, "fields": {"start_date": "2016-07-01", "end_date": "2016-07-31", "state": "1", "available": true, "name": "stagione 1", "slug": "stagione-1"}}, {"model": "seasons.season", "pk": 2, "fields": {"start_date": "2016-08-01", "end_date": "2016-08-31", "state": "0", "available": true, "name": "stagione 2", "slug": "stagione-2"}}, {"model": "auth.permission", "pk": 1, "fields": {"name": "Can add log entry", "content_type": 1, "codename": "add_logentry"}}, {"model": "auth.permission", "pk": 2, "fields": {"name": "Can change log entry", "content_type": 1, "codename": "change_logentry"}}, {"model": "auth.permission", "pk": 3, "fields": {"name": "Can delete log entry", "content_type": 1, "codename": "delete_logentry"}}, {"model": "auth.permission", "pk": 4, "fields": {"name": "Can add permission", "content_type": 2, "codename": "add_permission"}}, {"model": "auth.permission", "pk": 5, "fields": {"name": "Can change permission", "content_type": 2, "codename": "change_permission"}}, {"model": "auth.permission", "pk": 6, "fields": {"name": "Can delete permission", "content_type": 2, "codename": "delete_permission"}}, {"model": "auth.permission", "pk": 7, "fields": {"name": "Can add group", "content_type": 3, "codename": "add_group"}}, {"model": "auth.permission", "pk": 8, "fields": {"name": "Can change group", "content_type": 3, "codename": "change_group"}}, {"model": "auth.permission", "pk": 9, "fields": {"name": "Can delete group", "content_type": 3, "codename": "delete_group"}}, {"model": "auth.permission", "pk": 10, "fields": {"name": "Can add content type", "content_type": 4, "codename": "add_contenttype"}}, {"model": "auth.permission", "pk": 11, "fields": {"name": "Can change content type", "content_type": 4, "codename": "change_contenttype"}}, {"model": "auth.permission", "pk": 12, "fields": {"name": "Can delete content type", "content_type": 4, "codename": "delete_contenttype"}}, {"model": "auth.permission", "pk": 13, "fields": {"name": "Can add session", "content_type": 5, "codename": "add_session"}}, {"model": "auth.permission", "pk": 14, "fields": {"name": "Can change session", "content_type": 5, "codename": "change_session"}}, {"model": "auth.permission", "pk": 15, "fields": {"name": "Can delete session", "content_type": 5, "codename": "delete_session"}}, {"model": "auth.permission", "pk": 16, "fields": {"name": "Can add person", "content_type": 6, "codename": "add_person"}}, {"model": "auth.permission", "pk": 17, "fields": {"name": "Can change person", "content_type": 6, "codename": "change_person"}}, {"model": "auth.permission", "pk": 18, "fields": {"name": "Can delete person", "content_type": 6, "codename": "delete_person"}}, {"model": "auth.permission", "pk": 19, "fields": {"name": "Can add team", "content_type": 7, "codename": "add_team"}}, {"model": "auth.permission", "pk": 20, "fields": {"name": "Can change team", "content_type": 7, "codename": "change_team"}}, {"model": "auth.permission", "pk": 21, "fields": {"name": "Can delete team", "content_type": 7, "codename": "delete_team"}}, {"model": "auth.permission", "pk": 22, "fields": {"name": "Can add membership", "content_type": 8, "codename": "add_membership"}}, {"model": "auth.permission", "pk": 23, "fields": {"name": "Can change membership", "content_type": 8, "codename": "change_membership"}}, {"model": "auth.permission", "pk": 24, "fields": {"name": "Can delete membership", "content_type": 8, "codename": "delete_membership"}}, {"model": "auth.permission", "pk": 25, "fields": {"name": "Can add location", "content_type": 9, "codename": "add_location"}}, {"model": "auth.permission", "pk": 26, "fields": {"name": "Can change location", "content_type": 9, "codename": "change_location"}}, {"model": "auth.permission", "pk": 27, "fields": {"name": "Can delete location", "content_type": 9, "codename": "delete_location"}}, {"model": "auth.permission", "pk": 28, "fields": {"name": "Can add allocation", "content_type": 10, "codename": "add_allocation"}}, {"model": "auth.permission", "pk": 29, "fields": {"name": "Can change allocation", "content_type": 10, "codename": "change_allocation"}}, {"model": "auth.permission", "pk": 30, "fields": {"name": "Can delete allocation", "content_type": 10, "codename": "delete_allocation"}}, {"model": "auth.permission", "pk": 31, "fields": {"name": "Can add season", "content_type": 11, "codename": "add_season"}}, {"model": "auth.permission", "pk": 32, "fields": {"name": "Can change season", "content_type": 11, "codename": "change_season"}}, {"model": "auth.permission", "pk": 33, "fields": {"name": "Can delete season", "content_type": 11, "codename": "delete_season"}}, {"model": "auth.permission", "pk": 34, "fields": {"name": "Can add user", "content_type": 12, "codename": "add_user"}}, {"model": "auth.permission", "pk": 35, "fields": {"name": "Can change user", "content_type": 12, "codename": "change_user"}}, {"model": "auth.permission", "pk": 36, "fields": {"name": "Can delete user", "content_type": 12, "codename": "delete_user"}}, {"model": "authtools.user", "pk": 1, "fields": {"password": "pbkdf2_sha256$24000$1rjdZplijuCw$EJdG5/3IuHP+pP6DzVUN++/6sQyb6vIAETntK5oyQyM=", "last_login": "2016-07-30T15:26:28.240Z", "is_superuser": true, "email": "fmarcato@kpmg.it", "is_staff": true, "is_active": true, "date_joined": "2016-07-23T10:21:54.687Z", "name": "Flavio", "groups": [], "user_permissions": []}}, {"model": "authtools.user", "pk": 2, "fields": {"password": "pbkdf2_sha256$24000$oPTLrNfqzjXk$cLRJP8eis5yZdRsp+jKoZpc24ZLlW+HxfeuHrwW7adc=", "last_login": null, "is_superuser": false, "email": "ncelli@kpmg.it", "is_staff": false, "is_active": true, "date_joined": "2016-07-23T10:25:08.529Z", "name": "Nicola", "groups": [], "user_permissions": []}}, {"model": "authtools.user", "pk": 3, "fields": {"password": "pbkdf2_sha256$24000$VyczYl1mkli1$fO/3D8p3RJbaLaLUESUSxebc3itj7y2up3wZyRNF6v8=", "last_login": null, "is_superuser": false, "email": "vfecchio@kpmg.it", "is_staff": false, "is_active": true, "date_joined": "2016-07-23T10:25:51.476Z", "name": "Veronica", "groups": [], "user_permissions": []}}, {"model": "authtools.user", "pk": 4, "fields": {"password": "pbkdf2_sha256$24000$DYZ2OkdhVvQO$+3UlX62EO/5MCgIcZACnL0Fr6wVLGLK1+g8iia3Znz0=", "last_login": null, "is_superuser": false, "email": "rgiust@kpmg.it", "is_staff": false, "is_active": true, "date_joined": "2016-07-23T10:26:37.961Z", "name": "Riccardo", "groups": [], "user_permissions": []}}, {"model": "authtools.user", "pk": 5, "fields": {"password": "pbkdf2_sha256$24000$MX6Twuj38ut6$sOH1NQhdiUI9j/BATGpBp6MmU0Cb8jcbb83Ljrq5sKs=", "last_login": null, "is_superuser": false, "email": "agostino.russo@kpmg.it", "is_staff": false, "is_active": true, "date_joined": "2016-07-23T10:27:25.023Z", "name": "Agostino", "groups": [], "user_permissions": []}}, {"model": "authtools.user", "pk": 6, "fields": {"password": "pbkdf2_sha256$24000$9XiXL0j9jytx$mRpFx/xCleyw+jEkmudbY7II89ll8+T3/bTTIUlNqmA=", "last_login": null, "is_superuser": false, "email": "azanetti@kpmg.it", "is_staff": false, "is_active": true, "date_joined": "2016-07-23T10:27:59.212Z", "name": "Alessandra", "groups": [], "user_permissions": []}}, {"model": "people.person", "pk": 1, "fields": {"surname": "Marcato", "rank": "3", "user": 1, "mobile_phone": "+393336639481", "office": "Padova", "avatar": "https://cdn0.iconfinder.com/data/icons/avatars-3/512/avatar_bussiness_man-256.png"}}, {"model": "people.person", "pk": 2, "fields": {"surname": "Celli", "rank": "3", "user": 2, "mobile_phone": "+393336639481", "office": "Padova", "avatar": "http://faabpharma.com/img/avatar.png"}}, {"model": "people.person", "pk": 3, "fields": {"surname": "Fecchio", "rank": "3", "user": 3, "mobile_phone": "+393336639483", "office": "Padova", "avatar": "http://senacultural.com/wp-content/uploads/2015/03/avatar.png"}}, {"model": "people.person", "pk": 4, "fields": {"surname": "Giust", "rank": "2", "user": 4, "mobile_phone": "+393336639484", "office": "Padova", "avatar": "https://cdn0.iconfinder.com/data/icons/avatars-3/512/avatar_smart_guy-512.png"}}, {"model": "people.person", "pk": 5, "fields": {"surname": "Russo", "rank": "4", "user": 5, "mobile_phone": "+393336639485", "office": "Padova", "avatar": "https://s-media-cache-ak0.pinimg.com/564x/77/c9/b9/77c9b909571b386fce2f4f2dde320b4f.jpg"}}, {"model": "people.person", "pk": 6, "fields": {"surname": "Zanetti", "rank": "2", "user": 6, "mobile_phone": "+393336639486", "office": "Veronca", "avatar": "http://www.justdoxit.com/new2/wp-content/uploads/2015/11/avatar_working_girl-512.png"}}, {"model": "admin.logentry", "pk": 1, "fields": {"action_time": "2016-07-23T10:22:34.746Z", "user": 1, "content_type": 11, "object_id": "1", "object_repr": "1900-01-01", "action_flag": 1, "change_message": "Aggiunto."}}, {"model": "admin.logentry", "pk": 2, "fields": {"action_time": "2016-07-23T10:23:10.877Z", "user": 1, "content_type": 6, "object_id": "1", "object_repr": "Marcato", "action_flag": 1, "change_message": "Aggiunto."}}, {"model": "admin.logentry", "pk": 3, "fields": {"action_time": "2016-07-23T10:25:08.569Z", "user": 1, "content_type": 12, "object_id": "2", "object_repr": "Nicola <ncelli@kpmg.it>", "action_flag": 1, "change_message": "Aggiunto."}}, {"model": "admin.logentry", "pk": 4, "fields": {"action_time": "2016-07-23T10:25:27.378Z", "user": 1, "content_type": 6, "object_id": "2", "object_repr": "Celli", "action_flag": 1, "change_message": "Aggiunto."}}, {"model": "admin.logentry", "pk": 5, "fields": {"action_time": "2016-07-23T10:25:51.516Z", "user": 1, "content_type": 12, "object_id": "3", "object_repr": "Veronica <vfecchio@kpmg.it>", "action_flag": 1, "change_message": "Aggiunto."}}, {"model": "admin.logentry", "pk": 6, "fields": {"action_time": "2016-07-23T10:26:08.553Z", "user": 1, "content_type": 6, "object_id": "3", "object_repr": "Fecchio", "action_flag": 1, "change_message": "Aggiunto."}}, {"model": "admin.logentry", "pk": 7, "fields": {"action_time": "2016-07-23T10:26:37.996Z", "user": 1, "content_type": 12, "object_id": "4", "object_repr": "Riccardo <rgiust@kpmg.it>", "action_flag": 1, "change_message": "Aggiunto."}}, {"model": "admin.logentry", "pk": 8, "fields": {"action_time": "2016-07-23T10:26:48.293Z", "user": 1, "content_type": 6, "object_id": "4", "object_repr": "Giust", "action_flag": 1, "change_message": "Aggiunto."}}, {"model": "admin.logentry", "pk": 9, "fields": {"action_time": "2016-07-23T10:27:25.060Z", "user": 1, "content_type": 12, "object_id": "5", "object_repr": "Agostino <agostino.russo@kpmg.it>", "action_flag": 1, "change_message": "Aggiunto."}}, {"model": "admin.logentry", "pk": 10, "fields": {"action_time": "2016-07-23T10:27:40.594Z", "user": 1, "content_type": 6, "object_id": "5", "object_repr": "Russo", "action_flag": 1, "change_message": "Aggiunto."}}, {"model": "admin.logentry", "pk": 11, "fields": {"action_time": "2016-07-23T10:27:59.253Z", "user": 1, "content_type": 12, "object_id": "6", "object_repr": "Alessandra <azanetti@kpmg.it>", "action_flag": 1, "change_message": "Aggiunto."}}, {"model": "admin.logentry", "pk": 12, "fields": {"action_time": "2016-07-23T10:28:10.691Z", "user": 1, "content_type": 6, "object_id": "6", "object_repr": "Zanetti", "action_flag": 1, "change_message": "Aggiunto."}}, {"model": "admin.logentry", "pk": 13, "fields": {"action_time": "2016-07-23T10:48:57.727Z", "user": 1, "content_type": 9, "object_id": "1", "object_repr": "Generali", "action_flag": 1, "change_message": "Aggiunto."}}, {"model": "admin.logentry", "pk": 14, "fields": {"action_time": "2016-07-23T10:49:07.997Z", "user": 1, "content_type": 9, "object_id": "2", "object_repr": "MPS", "action_flag": 1, "change_message": "Aggiunto."}}, {"model": "admin.logentry", "pk": 15, "fields": {"action_time": "2016-07-23T10:49:17.788Z", "user": 1, "content_type": 9, "object_id": "3", "object_repr": "Ferie", "action_flag": 1, "change_message": "Aggiunto."}}, {"model": "admin.logentry", "pk": 16, "fields": {"action_time": "2016-07-23T10:49:56.137Z", "user": 1, "content_type": 9, "object_id": "4", "object_repr": "Sede", "action_flag": 1, "change_message": "Aggiunto."}}, {"model": "admin.logentry", "pk": 17, "fields": {"action_time": "2016-07-23T10:50:36.464Z", "user": 1, "content_type": 9, "object_id": "5", "object_repr": "Estero", "action_flag": 1, "change_message": "Aggiunto."}}, {"model": "admin.logentry", "pk": 18, "fields": {"action_time": "2016-07-23T10:56:44.142Z", "user": 1, "content_type": 11, "object_id": "2", "object_repr": "2016-08-31", "action_flag": 1, "change_message": "Aggiunto."}}, {"model": "admin.logentry", "pk": 19, "fields": {"action_time": "2016-07-24T10:02:01.625Z", "user": 1, "content_type": 11, "object_id": "2", "object_repr": "2016-07-31", "action_flag": 2, "change_message": "end_date modificato."}}, {"model": "admin.logentry", "pk": 20, "fields": {"action_time": "2016-07-30T15:16:33.417Z", "user": 1, "content_type": 11, "object_id": "1", "object_repr": "stagione 1900-01-01", "action_flag": 3, "change_message": ""}}, {"model": "admin.logentry", "pk": 21, "fields": {"action_time": "2016-07-30T15:17:28.233Z", "user": 1, "content_type": 11, "object_id": "2", "object_repr": "stagione 2016-07-31", "action_flag": 2, "change_message": "name modificato."}}, {"model": "admin.logentry", "pk": 22, "fields": {"action_time": "2016-07-30T15:17:37.010Z", "user": 1, "content_type": 11, "object_id": "2", "object_repr": "stagione-1 2016-07-31", "action_flag": 2, "change_message": "slug modificato."}}, {"model": "admin.logentry", "pk": 23, "fields": {"action_time": "2016-07-30T15:18:04.814Z", "user": 1, "content_type": 11, "object_id": "3", "object_repr": "stagione-2 2016-08-31", "action_flag": 1, "change_message": "Aggiunto."}}, {"model": "admin.logentry", "pk": 24, "fields": {"action_time": "2016-07-30T15:18:19.254Z", "user": 1, "content_type": 11, "object_id": "3", "object_repr": "stagione-2 2016-08-31", "action_flag": 2, "change_message": "available modificato."}}, {"model": "admin.logentry", "pk": 25, "fields": {"action_time": "2016-07-30T15:19:48.833Z", "user": 1, "content_type": 11, "object_id": "3", "object_repr": "stagione-2 2016-08-31", "action_flag": 2, "change_message": "state e available modificato."}}, {"model": "admin.logentry", "pk": 26, "fields": {"action_time": "2016-07-30T15:20:59.639Z", "user": 1, "content_type": 11, "object_id": "3", "object_repr": "stagione-2 2016-08-31", "action_flag": 2, "change_message": "state modificato."}}, {"model": "admin.logentry", "pk": 27, "fields": {"action_time": "2016-07-30T15:45:18.698Z", "user": 1, "content_type": 11, "object_id": "1", "object_repr": "stagione-1 2016-07-31", "action_flag": 1, "change_message": "Aggiunto."}}, {"model": "admin.logentry", "pk": 28, "fields": {"action_time": "2016-07-30T15:45:30.454Z", "user": 1, "content_type": 11, "object_id": "1", "object_repr": "stagione-1 2016-07-31", "action_flag": 2, "change_message": "Nessun campo modificato."}}, {"model": "admin.logentry", "pk": 29, "fields": {"action_time": "2016-07-30T15:45:56.793Z", "user": 1, "content_type": 11, "object_id": "2", "object_repr": "stagione-2 2016-08-31", "action_flag": 1, "change_message": "Aggiunto."}}]